metadata_timestamp,metadata_ai_service,metadata_model,metadata_pattern_type,metadata_interface_id,score_inefficient_efficient,score_interesting_not_interesting,score_clear_confusing,score_enjoyable_annoying,score_organized_cluttered,score_addictive_non_addictive,score_supportive_obstructive,score_pressuring_suggesting,score_boring_exciting,score_revealed_covert,score_complicated_easy,score_unpredictable_predictable,score_friendly_unfriendly,score_deceptive_benevolent,explanation
2025-03-21T12:12:27.785472,anthropic,claude-3-opus-20240229,Nagging,interface_001,1,7,6,7,2,6,7,1,2,2,6,2,7,2,"The notification popup is inefficient, annoying, obstructive, and pressuring. It clutters the UI, appears unpredictably, and uses deceptive language. The popup is unfriendly and provides a poor user experience by interrupting content consumption to aggressively push notifications."
2025-03-21T12:12:38.716186,anthropic,claude-3-opus-20240229,Overcomplicated Process,interface_002,2,6,6,6,5,6,5,3,6,6,7,4,6,6,"The settings interface presents a long, cluttered list of privacy options that are confusing and complicated for the average user to navigate and understand. The multi-step process to disable data collection is inefficient and seems designed to obstruct users rather than support them in protecting their privacy. The overall experience is annoying, boring and unfriendly."
2025-03-21T12:12:48.799593,anthropic,claude-3-opus-20240229,Hindering Account Deletion,interface_003,3,6,2,6,3,7,4,3,6,1,2,3,5,1,"The account deletion screen is clear in explaining the process and implications, but is presented in an uninteresting, annoying way with many warnings that obstruct completing the task. The process seems overly complicated and pressuring to deter people from deleting their account."
2025-03-21T12:12:59.639647,anthropic,claude-3-opus-20240229,Sneaking Bad Default,interface_004,4,3,3,4,6,4,3,2,4,2,6,5,4,2,"The privacy settings interface has concerning default options to share personal data with everyone. This feels deceptive and pressuring rather than supportive of user privacy. The organization is clear and simple, but the content and default settings are problematic from a privacy perspective."
2025-03-21T12:13:15.123065,anthropic,claude-3-opus-20240229,Expectation Result Mismatch,interface_005,2,3,6,6,3,6,6,2,6,6,5,2,6,1,"This interface appears deceptive and confusing. It offers a link to withdraw consent for targeted ads, but actually leads to an explanatory page without providing the ability to withdraw consent. This covert, obstructive design is unfriendly to users. The popup is somewhat clear and organized, but the unexpected behavior makes it confusing and unpredictable overall. It feels pressuring rather than just suggesting. The deceptive pattern is annoying and unsupportive of user choice."
2025-03-21T12:13:26.056269,anthropic,claude-3-opus-20240229,False Hierarchy,interface_006,6,3,2,3,3,3,2,1,2,1,6,6,4,2,"The interface strongly emphasizes the 'Sign Up' option over the alternative, pressuring the user to choose it. The language reveals data collection intentions upfront. The design is simple and predictable but lacks excitement. The interface could be perceived as somewhat deceptive in pushing the preferred choice."
2025-03-21T12:13:36.525647,anthropic,claude-3-opus-20240229,Trick Wording,interface_007,2,6,6,6,2,5,6,1,6,6,5,2,6,1,"This dialog uses deceptive wording to imply location tracking is turned off, while actually stating it will still be used. The option to close without agreeing is buried. The interface is confusing, obstructive to user goals, and clearly meant to mislead in an unfriendly way."
2025-03-21T12:13:48.187581,anthropic,claude-3-opus-20240229,Toying With Emotion,interface_008,2,2,5,6,3,3,6,1,3,2,4,3,6,1,"This interface uses emotional manipulation through guilt-inducing messages to pressure users into keeping their account. It is deceptive, unfriendly, and obstructive to the user's goal of deleting their account. The sad faces and message that friends will 'forget you' make it annoying rather than enjoyable to interact with. The pressuring language is clear in its intent but not supportive of user autonomy."
2025-03-21T12:13:59.945215,anthropic,claude-3-opus-20240229,Forced Access,interface_009,2,6,6,6,5,7,6,2,2,3,6,5,6,2,"This interface requests unnecessary permissions to perform a simple photo saving task. It is inefficient, confusing, annoying, and obstructive to the user's goal. The prompts are pressuring rather than suggesting, and the true intent feels somewhat covert and deceptive rather than transparent and benevolent."
2025-03-21T12:14:11.366400,anthropic,claude-3-opus-20240229,Gamification,interface_010,3,3,2,4,2,3,4,2,4,2,5,4,3,3,"The interface uses a streak tracking and warning about losing progress to pressure the user to continue engaging daily. While straightforward, this gamification approach feels more manipulative than truly supportive of the user's goals. The threats and fire imagery create some excitement but in a negative, pressuring way that could become annoying over time."
2025-03-21T12:14:22.280864,anthropic,claude-3-opus-20240229,Content Customization,interface_011,4,3,2,3,4,2,5,2,4,2,6,6,6,4,"The UI encourages customization and discovery in a simple, organized way. The variety of products may be addictive, but the interface itself is easy to use and not pressuring. It aims to excite and engage users to explore options."
2025-03-21T12:14:33.236426,anthropic,claude-3-opus-20240229,Endlessness,interface_012,6,2,2,3,3,1,3,1,5,2,6,6,3,2,"This infinite scroll social media feed interface is designed to be very efficient and easy to use for keeping users engaged for long periods. However, the addictive and pressuring nature, lack of clear organization, and potentially deceptive aspects make it concerning from an ethical UX perspective despite its effectiveness."
2025-03-21T12:14:44.777042,anthropic,claude-3-opus-20240229,Pull to Refresh,interface_013,3,2,4,3,5,2,4,2,3,4,5,4,4,3,"This pull-to-refresh interaction resembling a slot machine could be addictive and pressuring for users, creating reward anticipation in a way that is not fully transparent. While easy to use, it seems more focused on driving engagement than supporting the user's tasks. The unpredictable nature could make it exciting for some but frustrating for others seeking efficiency."
2025-03-21T12:14:55.082087,anthropic,claude-3-opus-20240229,Social Connector,interface_014,4,2,2,4,3,3,4,3,4,3,5,5,4,4,"The interface promotes connecting with others and leverages notifications to encourage engagement, which could be interesting but also pressuring. The organization is fairly simple and predictable. It balances encouraging connections without being overly aggressive."
2025-03-21T12:15:07.053650,anthropic,claude-3-opus-20240229,Social Pressure,interface_015,6,3,6,3,6,2,3,1,3,2,6,6,2,3,"The UI uses social pressure by telling the user not to miss a story added by someone. This pushes the user to check the app frequently to avoid 'missing out'. The phrasing and prominent placement creates a sense of urgency and obligation. While efficient and clear, it employs manipulative tactics to keep users engaged."
