metadata_timestamp,metadata_ai_service,metadata_model,metadata_temperature,metadata_pattern_type,metadata_interface_id,score_inefficient_efficient,score_interesting_not_interesting,score_clear_confusing,score_enjoyable_annoying,score_organized_cluttered,score_addictive_non-addictive,score_supportive_obstructive,score_pressuring_suggesting,score_boring_exciting,score_revealed_covert,score_complicated_easy,score_unpredictable_predictable,score_friendly_unfriendly,score_deceptive_benevolent,explanation
2025-04-08T13:33:08.262424,ollama,gemma3,0.7,Nagging,interface_001,6,6,6,6,6,6,6,6,6,6,6,6,6,6,"I generally find the features presented to be leaning towards the more negative ends of the spectrum, indicating a sense of frustration, confusion, and potentially manipulative design elements. A rating of 6 reflects this predominantly negative assessment."
2025-04-08T13:33:26.321584,ollama,gemma3,0.7,Overcomplicated Process,interface_002,6,6,6,6,6,6,6,6,6,6,6,6,6,6,"I rated all of these as 6, indicating a strong sense of misalignment. The interface appears intentionally complex, overwhelming, and potentially manipulative, leading to a negative user experience. The feature design seems focused on limiting control and creating a sense of unease, which aligns with the concept of dark patterns."
2025-04-08T13:33:43.859835,ollama,gemma3,0.7,Hindering Account Deletion,interface_003,6,3,3,2,2,2,2,2,2,2,2,2,2,2,"I rate these adjectives low because the social media experience feels overwhelming and controlling, characterized by a lack of transparency and an intrusive approach."
2025-04-08T13:34:01.863754,ollama,gemma3,0.7,Sneaking Bad Default,interface_004,7,3,2,1,2,2,2,2,3,3,3,3,3,3,"I generally found the features to be leaning towards negative aspects – inefficient, confusing, annoying, and deceptive.  While there's a slight inclination towards positive attributes, the overall impression is one of a frustrating and potentially misleading user experience. The numbers reflect this predominantly negative assessment."
2025-04-08T13:34:20.214530,ollama,gemma3,0.7,Expectation Result Mismatch,interface_005,7,7,7,7,7,7,7,7,7,7,7,7,7,7,"All of the presented elements strongly align with the negative descriptions. The core purpose of the feature is to encourage engagement and data collection, which is inherently inefficient and often feels intrusive and unsettling. The advertising practices and pop-up elements reflect a deceptive and manipulative approach, consistently prioritizing the platform's interests over the user's control."
2025-04-08T13:34:37.981325,ollama,gemma3,0.7,False Hierarchy,interface_006,6,6,6,6,6,6,6,6,6,6,6,6,6,6,"I largely agree with the assessment. The social media features presented feel often disruptive and designed to manipulate engagement, leaning towards negative characteristics like confusing, annoying, and deceptive rather than supportive or genuinely friendly. Therefore, a score of 6 reflects this overall impression."
2025-04-08T13:34:55.936324,ollama,gemma3,0.7,Trick Wording,interface_007,6,3,3,2,2,2,2,2,2,2,2,2,2,2,"I generally lean towards a more neutral assessment. Many of the features feel neither particularly efficient nor inefficient, neither exciting nor boring. There’s a sense of being neither overtly helpful nor harmful. I think my ratings reflect a cautious, somewhat ambivalent reaction to the presented social media elements."
2025-04-08T13:35:14.006236,ollama,gemma3,0.7,Toying With Emotion,interface_008,7,7,7,7,7,7,7,7,7,7,7,7,7,7,"I consistently chose the highest number (7) for each pair, indicating a strong negative perception of the social media features presented. The features are overwhelmingly perceived as inefficient, uninteresting, confusing, annoying, cluttered, obstructive, deceptive, and unfriendly. This reflects a common concern about manipulative design practices within social media platforms."
2025-04-08T13:35:32.314982,ollama,gemma3,0.7,Forced Access,interface_009,5,5,5,5,5,5,5,5,5,5,5,5,5,5,"The pop-up requesting photo access when the user's sole intention is to save a single photo, and the resulting error, strongly suggest a highly inefficient, confusing, annoying, obstructive, and deceptive experience.  The user is being pressured into granting unnecessary permissions."
2025-04-08T13:35:50.180603,ollama,gemma3,0.7,Gamification,interface_010,7,3,2,2,2,2,2,2,2,2,2,2,2,2,"I consistently chose lower numbers (2-7) as many of the features presented felt negatively aligned with typical social media experiences - often frustrating, confusing, and potentially manipulative.  The options felt more skewed towards negative aspects than positive."
2025-04-08T13:36:07.738299,ollama,gemma3,0.7,Social Pressure,interface_011,6,6,6,6,6,6,6,6,6,6,6,6,6,6,"I've rated all adjectives as 6, indicating a significant level of agreement. The features presented seem generally negative and problematic, leaning towards frustrating and potentially manipulative designs."
2025-04-08T13:36:25.837749,ollama,gemma3,0.7,Social Connector,interface_012,6,6,6,6,6,6,6,6,6,6,6,6,6,6,"I strongly agree with the assessments provided. The social media features consistently lean towards negative experiences – inefficiency, lack of interest, confusion, annoyance, clutter, addiction, obstruction, pressure, boredom, concealment, complexity, unpredictability, unfriendliness, and deception. The ratings reflect a pessimistic view of the features' impact."
2025-04-08T13:36:43.804573,ollama,gemma3,0.7,Content Customization,interface_013,6,6,6,6,6,6,6,6,6,6,6,6,6,6,"I believe most social media platforms lean towards efficiency and providing interesting content, while also being somewhat confusing and potentially annoying at times. The overall impression is one of a mixed experience, leaning heavily towards the positive aspects while acknowledging the potential downsides."
2025-04-08T13:37:02.122992,ollama,gemma3,0.7,Endlessness,interface_014,6,6,6,6,6,6,6,6,6,6,6,6,6,6,"I rate these pairs of adjectives as 6 because the image represents a highly stimulating and overwhelming experience, characterized by a constant barrage of information and a potential for feeling pressured or manipulated. The content feels both engaging and intrusive, aligning with a sense of being overwhelmed and a lack of control – hence the high rating reflecting the intensity and potentially negative aspects of the social media experience."
2025-04-08T13:37:19.989014,ollama,gemma3,0.7,Pull To Refresh,interface_015,6,6,6,6,6,6,6,6,6,6,6,6,6,6,"I selected a high number for all categories as the pull-to-refresh mechanism, while seemingly simple, can feel slightly disruptive and sometimes inefficient. It’s also a mildly annoying interaction, and the overall effect is slightly overwhelming rather than truly exciting or friendly."
